Title,Author,Publisher,Date Read,Rating,My Rating,Category,Pages
"Co robić przed końcem świata",Tomasz Stawiszyński,Agora,2022-07-30,6.7,7,publicystyka literacka | eseje,360
"Człowiek w poszukiwaniu sensu",Viktor E. Frankl,Czarna Owca,2022-07-23,7.9,7,biografia | autobiografia | pamiętnik,224
"Pestki",Anna Ciarkowska,Otwarte,2022-07-24,7.6,8,literatura piękna,232
"Wypiór",Grzegorz Uzdański,Filtry,2022-05-27,7.2,8,poezja,216
"Od jednego Lucypera",Anna Dziewit-Meller,Wydawnictwo Literackie,2022-05-23,7.5,8,powieść historyczna,299
"Ludzie Putina. Jak KGB odzyskało Rosję i zwróciło się przeciwko Zachodowi",Catherine Belton,Sine Qua Non,2022-04-17,7.5,9,historia,659
"Grażyna",Adam Mickiewicz,Greg,2022-04-10,5.6,7,klasyka,64
"Wolność, równość, przemoc. Czego nie chcemy sobie powiedzieć",Agata Sikora,Karakter,2022-03-21,7.1,7,publicystyka literacka | eseje,256
"Na ciężkim kacu. Nowa Rosja Putina i duchy przeszłości",Shaun Walker,Wydawnictwo Poznańskie,2022-03-14,7.1,7,reportaż,444
"Najada",Zyta Oryszyn,Wydawnictwo Drzazgi,2022-02-27,7.5,8,literatura piękna,180
"Normalni ludzie",Sally Rooney,W.A.B.,2022-02-20,6.4,8,literatura piękna,304
"One Last Stop",Casey McQuiston,Prószyński i S-ka,2022-02-13,7.0,7,literatura młodzieżowa,512
"Bowie w Warszawie",Dorota Masłowska,,2022-02-06,6.3,8,literatura piękna,
"Trick Mirror: Reflections on Self-Delusion",Jia Tolentino,Penguin Random House,2022-02-05,6.3,6,publicystyka literacka | eseje,320
"Nie tylko pomarańcze...",Jeanette Winterson,Rebis,2022-01-31,6.3,8,literatura piękna,192
"Utopia regulaminów. O technologii, tępocie i ukrytych rozkoszach biurokracji",David Graeber,Krytyka Polityczna,2022-01-30,6.8,7,nauki społeczne (psychologia | socjologia | itd.),320
"Hazards of Time Travel",Joyce Carol Oates,4th Estate,2022-01-14,6.0,6,literatura piękna,324
"Choroba jako metafora. AIDS i jego metafory",Susan Sontag,Karakter,2022-01-09,7.6,8,publicystyka literacka | eseje,192
"Before the Coffee Gets Cold",Toshikazu Kawaguchi,Picador,2022-01-05,7.0,5,fantasy | science fiction,224
"Rzeźnia numer pięć",Kurt Vonnegut,Zysk i S-ka,2021-12-31,7.6,9,literatura piękna,240
"Co robić przed końcem świata",Tomasz Stawiszyński,Agora,2022-07-30,6.7,7,publicystyka literacka | eseje,360
"Człowiek w poszukiwaniu sensu",Viktor E. Frankl,Czarna Owca,2022-07-23,7.9,7,biografia | autobiografia | pamiętnik,224
"Pestki",Anna Ciarkowska,Otwarte,2022-07-24,7.6,8,literatura piękna,232
"Wypiór",Grzegorz Uzdański,Filtry,2022-05-27,7.2,8,poezja,216
"Od jednego Lucypera",Anna Dziewit-Meller,Wydawnictwo Literackie,2022-05-23,7.5,8,powieść historyczna,299
"Ludzie Putina. Jak KGB odzyskało Rosję i zwróciło się przeciwko Zachodowi",Catherine Belton,Sine Qua Non,2022-04-17,7.5,9,historia,659
"Grażyna",Adam Mickiewicz,Greg,2022-04-10,5.6,7,klasyka,64
"Wolność, równość, przemoc. Czego nie chcemy sobie powiedzieć",Agata Sikora,Karakter,2022-03-21,7.1,7,publicystyka literacka | eseje,256
"Na ciężkim kacu. Nowa Rosja Putina i duchy przeszłości",Shaun Walker,Wydawnictwo Poznańskie,2022-03-14,7.1,7,reportaż,444
"Najada",Zyta Oryszyn,Wydawnictwo Drzazgi,2022-02-27,7.5,8,literatura piękna,180
"Normalni ludzie",Sally Rooney,W.A.B.,2022-02-20,6.4,8,literatura piękna,304
"One Last Stop",Casey McQuiston,Prószyński i S-ka,2022-02-13,7.0,7,literatura młodzieżowa,512
"Bowie w Warszawie",Dorota Masłowska,,2022-02-06,6.3,8,literatura piękna,
"Trick Mirror: Reflections on Self-Delusion",Jia Tolentino,Penguin Random House,2022-02-05,6.3,6,publicystyka literacka | eseje,320
"Nie tylko pomarańcze...",Jeanette Winterson,Rebis,2022-01-31,6.3,8,literatura piękna,192
"Utopia regulaminów. O technologii, tępocie i ukrytych rozkoszach biurokracji",David Graeber,Krytyka Polityczna,2022-01-30,6.8,7,nauki społeczne (psychologia | socjologia | itd.),320
"Hazards of Time Travel",Joyce Carol Oates,4th Estate,2022-01-14,6.0,6,literatura piękna,324
"Choroba jako metafora. AIDS i jego metafory",Susan Sontag,Karakter,2022-01-09,7.6,8,publicystyka literacka | eseje,192
"Before the Coffee Gets Cold",Toshikazu Kawaguchi,Picador,2022-01-05,7.0,5,fantasy | science fiction,224
"Rzeźnia numer pięć",Kurt Vonnegut,Zysk i S-ka,2021-12-31,7.6,9,literatura piękna,240
"Próba",Joanna Bednarek,Wydawnictwo Krytyki Politycznej,2021-12-26,6.4,6,literatura piękna,160
"Dorośli",Marie Aubert,Wydawnictwo Pauza,2021-12-23,6.8,8,literatura piękna,144
"Wielkie Księstwo Groteski",Szczepan Twardoch,,2021-12-22,6.7,7,literatura piękna,
"Pamięć zewnętrzna",Radosław Jurczak,,2021-12-20,6.4,8,poezja,
"Juliusz Słowacki. Wychodzenie z szafy",Marta Justyna Nowicka,Krytyka Polityczna,2021-12-19,6.5,6,biografia | autobiografia | pamiętnik,352
"Jak wyszliśmy na ludzi. Dlaczego potrzebujemy siebie nawzajem i co sprawia nam przyjemność",William von Hippel,Feeria Science,2021-11-21,7.2,7,popularnonaukowa,340
"Ucieczka od bezradności",Tomasz Stawiszyński,Znak Literanova,2021-11-20,7.2,7,filozofia | etyka,362
"Łyski liczą do trzech",Olga Hund,Czarne,2021-11-07,6.9,8,literatura piękna,184
"Zapaść. Reportaże z mniejszych miast",Marek Szymaniak,Czarne,2021-10-30,7.2,8,reportaż,256
"Kot niebieski",Martyna Bunda,Wydawnictwo Literackie,2021-10-10,7.2,8,literatura piękna,416
"Punkt przełomowy. O małych przyczynach wielkich zmian",Malcolm Gladwell,Znak Literanova,2021-09-30,7.1,7,nauki społeczne (psychologia | socjologia | itd.),336
"Frajda",Marta Dzido,Korporacja Ha!art,2021-09-30,6.8,6,literatura piękna,144
"Prześniona rewolucja. Ćwiczenie z logiki historycznej",Andrzej Leder,Krytyka Polityczna,2021-09-23,7.5,9,historia,205
"Factfulness. Dlaczego świat jest lepszy, niż myślimy, czyli jak stereotypy zastąpić realną wiedzą",Hans Rosling,Media Rodzina,2021-09-15,7.9,8,reportaż,368
"On",Zośka Papużanka,Znak Literanova,2021-09-15,6.9,6,literatura piękna,288
"Reset. Świat na nowo",Karolina Korwin-Piotrowska,MANDO,2021-08-25,6.2,5,reportaż,432
"To zmienia wszystko",Naomi Klein,Muza,2021-08-23,7.6,7,nauki społeczne (psychologia | socjologia | itd.),590
"Cukry",Dorota Kotas,Wydawnictwo Cyranka,2021-08-20,7.3,7,literatura piękna,196
"Red, White & Royal Blue",Casey McQuiston,Prószyński i S-ka,2021-07-31,7.2,7,literatura młodzieżowa,476
"Szczeliny istnienia",Jolanta Brach-Czaina,Dowody na Istnienie,2021-07-30,7.5,7,publicystyka literacka | eseje,200
"Chamstwo",Kacper Pobłocki,Czarne,2021-07-25,7.3,9,historia,384
"Faworyty",Manuela Gretkowska,Znak Literanova,2021-07-19,6.1,9,literatura piękna,320
"Pustostany",Dorota Kotas,Niebieska Studnia,2021-06-30,6.7,9,literatura obyczajowa | romans,182
"Długie spacery nad Olzą",Jerzy Kronhold,Wydawnictwo Literackie,2021-06-28,5.1,6,poezja,88
"Janion. Transe - traumy - transgresje. 2: Prof. Misia",Maria Janion | Kazimiera Szczuka,Krytyka Polityczna,2021-06-27,7.0,7,publicystyka literacka | eseje,208
"Janion. Transe - traumy - transgresje. 1: Niedobre dziecię",Maria Janion | Kazimiera Szczuka,Krytyka Polityczna,2021-06-11,6.9,8,biografia | autobiografia | pamiętnik,180
"Pandemia! Covid-19 trzęsie światem",Slavoj Žižek,Relacja,2021-05-31,5.6,6,nauki społeczne (psychologia | socjologia | itd.),144
"Pandemia 2. Kroniki straconego czasu",Slavoj Žižek,Grupa Wydawnicza Relacja,2021-05-29,6.5,8,filozofia | etyka,214
"Bullshit Jobs. A Theory",David Graeber,Simon & Schuster,2021-05-14,6.7,8,nauki społeczne (psychologia | socjologia | itd.),368
"Niewidzialne życie Addie LaRue",Victoria Schwab,We need YA,2021-05-25,7.6,6,fantasy | science fiction,608
"Mam na imię nie mam",Katarzyna Michalczak,,2021-05-07,6.6,9,literatura piękna,
"Ona ma siłę. Zaskakujący poradnik seksualności kobiet",Emily Nagoski,Buchmann,2021-04-25,7.7,7,poradniki,400
"Gniew.",Tomasz Szymon Markiewka,Czarne,2021-04-21,7.4,7,publicystyka literacka | eseje,216
"Urok codzienności. Psychologia emocjonalnego przepływu",Mihály Csíkszentmihályi,CiS, W.A.B.,2021-04-12,7.3,6,nauki społeczne (psychologia | socjologia | itd.),231
"Everything is F*cked: A Book About Hope",Mark Manson,,2021-04-11,6.7,6,nauki społeczne (psychologia | socjologia | itd.),
"The Subtle Art of Not Giving a F*ck: A Counterintuitive Approach to Living a Good Life",Mark Manson,HarperOne,2021-03-25,6.8,7,poradniki,224
"Mleko i miód",Rupi Kaur,Otwarte,2021-03-21,6.9,7,poezja,204
"Scarcity. Why Having Too Little Means So Much",Sendhil Mullainathan | Eldar Shafir,Times Books,2021-03-13,7.5,7,biznes | finanse,288
"Bezmatek",Mira Marcinów,Czarne,2021-03-07,7.2,8,biografia | autobiografia | pamiętnik,256
"How to Do the Work: Recognize Your Patterns, Heal from Your Past, and Create Your Self",Nicole LePera,Harper Wave,2021-05-18,8.3,7,poradniki,320
"Jak robić nic? Manifest przeciw kultowi produktywności",Jenny Odell,Mova,2021-02-21,5.9,6,publicystyka literacka | eseje,368
"Doktryna szoku. Jak współczesny kapitalizm wykorzystuje klęski żywiołowe i kryzysy społeczne",Naomi Klein,Muza,2021-02-15,7.6,9,reportaż,592
"Eksperymenty na biednych",Adam Leszczyński,Instytut Studiów Politycznych PAN, Krytyka Polityczna,2021-02-09,7.0,8,nauki społeczne (psychologia | socjologia | itd.),304
"If Then: How the Simulmatics Corporation Invented the Future",Jill Lepore,Liveright,2021-01-30,7.5,9,historia,432
"Bad Feminist: Essays",Roxane Gay,Harper Perennial,2021-01-27,6.8,8,publicystyka literacka | eseje,336
"Nie ma",Mariusz Szczygieł,Dowody na Istnienie,2021-01-22,7.3,7,publicystyka literacka | eseje,336
"The Sum of Small Things: A Theory of the Aspirational Class",Elizabeth Currid-Halkett,Princeton University Press,2021-01-16,6.0,6,nauki społeczne (psychologia | socjologia | itd.),272
"Ten Arguments for Deleting Your Social Media Accounts Right Now",Jaron Lanier,Penguin Books,2021-01-16,6.3,7,publicystyka literacka | eseje,160
"O telewizji. Panowanie dziennikarstwa",Pierre Bourdieu,Wydawnictwo Naukowe PWN,2021-01-11,6.4,7,nauki społeczne (psychologia | socjologia | itd.),122
"Codzienność nudy. Dom jako przestrzeń produktywna i nieproduktywna",Aleksandra Gordowy,,2021-01-05,7.4,7,filozofia | etyka,
"Nigdy dość dobra. Jak wyzwolić się od destrukcyjnego wpływu narcystycznej matki",Karyl McBride,Feeria,2020-12-30,7.4,7,nauki społeczne (psychologia | socjologia | itd.),300
"Myśl to forma odczuwania. Susan Sontag w rozmowie z Jonathanem Cottem",Susan Sontag | Jonathan Cott,Karakter,2020-12-20,7.5,7,biografia | autobiografia | pamiętnik,160
"Czuły narrator",Olga Tokarczuk,Wydawnictwo Literackie,2020-12-15,7.6,7,literatura piękna,304
"Manifest komunistyczny",Karol Marks | Fryderyk Engels,Jirafa Roja,2020-12-05,6.0,,filozofia | etyka,119
"Wszyscy powinniśmy być feministami",Chimamanda Ngozi Adichie,Zysk i S-ka,2020-12-05,7.5,8,publicystyka literacka | eseje,80
"Kochana Ijeawele albo manifest feministyczny w piętnastu wskazówkach",Chimamanda Ngozi Adichie,Zysk i S-ka,2020-12-05,8.0,8,publicystyka literacka | eseje,68
"Krótka historia wszystkich ludzi, którzy kiedykolwiek żyli. Opowieści zapisane w naszych genach",Adam Rutherford,Prószyński i S-ka,2020-11-24,7.3,8,popularnonaukowa,456
"Uwikłani w płeć. Feminizm i polityka tożsamości",Judith Butler,Krytyka Polityczna,2020-11-22,6.8,6,nauki społeczne (psychologia | socjologia | itd.),269
"A ja żem jej powiedziała...",Katarzyna Nosowska,Wielka Litera,2020-11-05,6.7,8,literatura piękna,208
"24/7. Późny kapitalizm i koniec snu",Jonathan Crary,Karakter,2021-02-26,5.9,10,literatura piękna,208
"Ukryte działania",Margot Lee Shetterly,HarperCollins Polska,2020-10-27,6.8,8,reportaż,460
"Magia rzeczywistości",Richard Dawkins,CiS,2020-10-23,7.9,6,popularnonaukowa,272
"Averno: Poems",Louise Glück,Farrar, Straus & Giroux,2020-10-23,8.4,8,poezja,99
"Rzeka genów. Darwinowski obraz życia",Richard Dawkins,CiS,2020-10-18,7.2,8,popularnonaukowa,224
"How to Lie with Statistics",Darrel Huff | Irving Geis,Norton & Company,2020-10-16,6.8,7,biznes | finanse,144
"Mój rok relaksu i odpoczynku",Ottessa Moshfegh,Wydawnictwo Pauza,2020-10-16,6.5,5,literatura piękna,272
"Powrót z Bambuko",Katarzyna Nosowska,Wielka Litera,2020-10-11,7.3,9,publicystyka literacka | eseje,272
"O powstawaniu Polaków",Tomasz Ulanowski,Czarne,2020-10-03,6.4,7,literatura piękna,240
"Yūrei. Niesamowite duchy w kulturze japońskiej",Zack Davisson,Wydawnictwo Uniwersytetu Jagiellońskiego,2020-09-29,7.1,6,popularnonaukowa,256
"Jakimi istotami jesteśmy?",Noam Chomsky,Vis-á-Vis/Etiuda,2020-09-12,5.5,6,filozofia | etyka,200
"Wyspa Łza",Joanna Bator,Znak,2020-07-18,5.7,,literatura piękna,304
"On Fire: The Burning Case for a Green New Dea",Naomi Klein,Allen Lane,2020-07-18,5.5,8,reportaż,224
"Mniej. Intymny portret zakupowy Polaków",Marta Sapała,Mamania,2020-07-17,7.0,7,poradniki,416
"Więźniowie geografii, czyli wszystko, co chciałbyś wiedzieć o globalnej polityce",Tim Marshall,Zysk i S-ka,2020-07-14,7.6,8,popularnonaukowa,376
"Nadzieja w mroku. Nieznane opowieści, niebywałe możliwości",Rebecca Solnit,Karakter,2020-06-23,6.4,7,publicystyka literacka | eseje,264
"Przez",Zośka Papużanka,Marginesy,2020-06-18,6.8,6,literatura piękna,296
"Światy równoległe. Czego uczą nas płaskoziemcy, homeopaci i różdżkarze",Łukasz Lamża,Czarne,2020-05-28,6.7,6,reportaż,224
"Wszyscy jesteśmy cyborgami. Jak internet zmienił Polskę",Michał R. Wiśniewski,Czarne,2020-05-25,6.3,7,reportaż,248
"Kwiaty w pudełku. Japonia oczami kobiet",Karolina Bednarz,Czarne,2020-05-23,7.3,8,reportaż,328
"Dobrze się myśli literaturą",Ryszard Koziołek,Czarne,2020-03-31,7.2,8,publicystyka literacka | eseje,288
"Na końcu języka",Andrzej Pisowicz | Zbigniew Rokita,Fundacja Sąsiedzi,2020-03-23,7.4,6,językoznawstwo | nauka o literaturze,256
"Od tragedii do farsy",Slavoj Žižek,Krytyka Polityczna,2020-03-15,6.6,6,publicystyka literacka | eseje,274
"Nieczułość",Martyna Bunda,Wydawnictwo Literackie,2020-03-16,7.6,7,literatura piękna,348
"Zwrotnice dziejów. Alternatywne historie Polski",Andrzej Chwalba | Wojciech Harpula,Wydawnictwo Literackie,2020-02-26,7.6,8,historia,352
"Dom polski. Meblościanka z pikasami",Małgorzata Czyńska,Czarne,2020-02-17,6.8,7,literatura piękna,208
"Dwa bieguny",Eliza Orzeszkowa,Wydawnictwo MG,2020-02-08,6.7,10,literatura piękna,256
"Ludzie. Krótka historia o tym, jak spieprzyliśmy wszystko",Tom Phillips,Albatros,2020-02-08,6.9,7,popularnonaukowa,320
"Jak pokochać centra handlowe",Natalia Fiedorczuk-Cieślak,Wielka Litera,2020-02-02,6.6,7,reportaż,287
"Przebudzenie. Duchowość bez religii",Sam Harris,Galaktyka,2020-02-02,6.8,7,religia,232
"Homo deus. Krótka historia jutra",Yuval Noah Harari,Wydawnictwo Literackie,2020-01-28,7.9,7,popularnonaukowa,552
"Hello world. Jak być człowiekiem w epoce maszyn",Hannah Fry,Wydawnictwo Literackie,2020-01-26,7.1,7,reportaż,308
"Inni ludzie",Dorota Masłowska,Wydawnictwo Literackie,2020-01-17,7.3,6,literatura piękna,160
"Gen. Ukryta historia",Siddhartha Mukherjee,Czarne,2019-12-29,8.4,8,popularnonaukowa,600
"Boginie z Žítkovej",Kateřina Tučková,Afera,2019-12-22,7.5,7,powieść historyczna,448
"7 nawyków skutecznego działania",Stephen R. Covey,Rebis,2019-12-11,7.6,6,poradniki,376
"Siła",Naomi Alderman,Marginesy,2019-12-09,6.3,5,fantasy | science fiction,397
"The 5 Second Rule: Transform your Life, Work, and Confidence with Everyday Courage",Mel Robbins,Savio Republic,2019-12-01,6.3,7,poradniki,240
"Brakująca połowa dziejów",Anna Kowalczyk,W.A.B.,2019-11-18,7.6,8,historia,288
"Płynne pokolenie",Zygmunt Bauman | Thomas Leoncini,Czarna Owca,2019-10-15,6.5,6,filozofia | etyka,110
"Urobieni. Reportaże o pracy",Marek Szymaniak,Czarne,2019-10-08,7.3,8,reportaż,240
"Siwy dym albo pięć cywilizowanych plemion",Ziemowit Szczerek,Czarne,2019-09-25,6.2,7,literatura piękna,336
"Running on Empty: Overcoming Your Childhood Emotional Neglect",Jonice Webb,,2019-09-25,6.7,6,nauki społeczne (psychologia | socjologia | itd.),
"Poetka i książę",Manuela Gretkowska,Znak Literanova,2019-09-12,6.1,6,literatura piękna,304
"Chleb w tradycji ludowej",Irena Kubiak,Ludowa Spółdzielnia Wydawnicza,2019-09-03,7.0,7,popularnonaukowa,228
"4-godzinny tydzień pracy. Nie bądź płatnym niewolnikiem od 9.00 do 17.00",Timothy Ferriss,MT Biznes,2019-08-25,6.7,5,poradniki,400
"The Obstacle Is the Way",Ryan Holiday,,2019-08-13,6.8,7,popularnonaukowa,
"Na tropie mikrobiomu. Ogromny wpływ tycich mikrobów",Rob Knight | Brendan Buhler,Relacja,2019-07-27,7.3,6,zdrowie | medycyna,144
"Dlaczego pracujemy",Barry Schwartz,Grupa Wydawnicza Relacja,2019-07-22,6.0,5,nauki społeczne (psychologia | socjologia | itd.),112
"Dlaczego śpimy. Odkrywanie potęgi snu i marzeń sennych",Matthew Walker,Marginesy,2019-07-18,7.9,6,nauki przyrodnicze (fizyka | chemia | biologia | itd.),392
"Ucieczka od wolności",Erich Fromm,Czytelnik,2019-07-02,7.9,7,publicystyka literacka | eseje,296
"Szok przyszłości",Alvin Toffler,Kurpisz,2019-05-15,7.0,6,popularnonaukowa,428
"Atomic Habits: An Easy & Proven Way to Build Good Habits & Break Bad Ones",James Clear,Penguin Random House,2019-03-23,7.9,7,popularnonaukowa,320
"Cena nieważkości. Kulisy lotu Polaka w kosmos",Dariusz Kortko | Marcin Pietraszewski,Agora,2019-03-22,7.6,7,reportaż,400
"The Compound Effect",Darren Hardy,,2019-03-22,6.4,6,nauki społeczne (psychologia | socjologia | itd.),
"Zawód. Opowieści o pracy w Polsce. To o nas",Kamil Fejfer,Czerwone i Czarne,2019-03-08,6.4,5,reportaż,256
"80-te. Jak naprawdę żyliśmy w ostatniej dekadzie PRL",Joanna Solska,Czerwone i Czarne,2019-02-28,6.9,6,reportaż,272
"Upór. Potęga pasji i wytrwałości",Angela Duckworth,Galaktyka,2019-02-15,7.2,7,poradniki,368
"Życie jak w Tochigi. Na japońskiej prowincji",Anna Ikeda,W.A.B.,2019-02-12,6.7,8,literatura podróżnicza,320
"The War of Art: Break Through the Blocks and Win Your Inner Creative Battles",Steven Pressfield,,2019-02-09,7.0,6,nauki społeczne (psychologia | socjologia | itd.),
"Japonia na co dzień",Wojciech Nowak,Stapis,2019-01-27,6.1,5,turystyka | mapy | atlasy,124
"Śpij dobrze",Nick Littlehales,Agora,2019-01-29,6.4,5,poradniki,200
"Bierut. Kiedy partia była bogiem",Piotr Lipiński,Czarne,2019-01-23,6.6,7,reportaż,272
"Projekt „Rosie”",Graeme Simsion,Media Rodzina,2019-01-16,7.1,6,literatura piękna,320
"The Motivation Hacker",Nick Winter,,2019-01-12,5.0,5,poradniki,
"Kowale i alchemicy",Mircea Eliade,Aletheia,2019-01-12,7.3,7,filozofia | etyka,246
"Sapiens. Od zwierząt do bogów",Yuval Noah Harari,Wydawnictwo Literackie,2019-01-06,8.3,8,popularnonaukowa,544
"Bałtyk. Historie zza parawanu",Aleksandra Arendt,Wydawnictwo Poznańskie,2018-12-29,5.9,6,reportaż,256
"Deep Work. Rules for Focused Success in a Distracted World",Cal Newport,Grand Central Publishing,2018-12-27,7.2,7,poradniki,304
"Widnokrąg",Wiesław Myśliwski,Znak,2018-12-25,8.1,7,literatura piękna,600
"Kochanie, zabiłam nasze koty",Dorota Masłowska,Noir sur Blanc,2018-11-16,6.0,6,literatura piękna,160
"Rzeczy, których nie wyrzuciłem",Marcin Wicha,Karakter,2018-11-08,7.2,8,biografia | autobiografia | pamiętnik,184
"Po trochu",Weronika Gogola,Książkowe Klimaty,2018-10-31,7.2,7,literatura piękna,180
"Zły",Leopold Tyrmand,Wydawnictwo MG,2018-10-28,7.6,8,literatura piękna,760
"Jak przestałem kochać design",Marcin Wicha,Karakter,2018-10-10,7.0,7,publicystyka literacka | eseje,264
"Pamięć operacyjna",Ewa Lipska,Wydawnictwo Literackie,2018-10-07,6.1,4,poezja,48
"Krótka historia o długiej miłości",Angelika Kuźniak | Ewelina Karpacz-Oboładze,Znak,2018-09-30,6.6,5,literatura piękna,192
"Dżozef",Jakub Małecki,Sine Qua Non,2018-09-27,7.4,7,literatura piękna,320
"Księgi Jakubowe",Olga Tokarczuk,Wydawnictwo Literackie,2018-09-25,7.7,9,powieść historyczna,912
"Między nami dobrze jest",Dorota Masłowska,Lampa i Iskra Boża,2018-09-06,6.8,7,literatura piękna,80
"Kolej podziemna. Czarna krew Ameryki",Colson Whitehead,Albatros,2018-09-04,7.1,6,powieść historyczna,384
"Wojna polsko-ruska pod flagą biało-czerwoną",Dorota Masłowska,Noir sur Blanc,,6.3,,literatura piękna,248
"Świat dla ciebie zrobiłem",Zośka Papużanka,Znak Literanova,2018-09-01,6.6,7,literatura piękna,224
"Trans-Atlantyk",Witold Gombrowicz,,2018-08-30,6.9,10,literatura piękna,
"Cudowna",Piotr Nesterowicz,Dowody na Istnienie,2018-08-29,6.6,6,reportaż,192
"Paw królowej",Dorota Masłowska,Noir sur Blanc,2018-08-11,6.7,6,literatura piękna,136
"Danke czyli nigdy więcej",Dominika Dymińska,Krytyka Polityczna,2018-08-05,5.8,6,literatura piękna,184
"Najlepsze buty na świecie",Michał Olszewski,Czarne,2018-07-31,7.0,7,reportaż,256
"Król",Szczepan Twardoch,Wydawnictwo Literackie,2018-07-25,7.7,7,powieść historyczna,432
"Dolina Issy",Czesław Miłosz,Wydawnictwo Literackie,2018-07-18,7.1,3,literatura piękna,276
"Słodziutki. Biografia cukru",Dariusz Kortko | Judyta Watoła,Agora,2018-07-09,6.8,7,reportaż,373
"Slow sex. Uwolnij miłość",Hanna Rydlewska | Marta Niedźwiecka,Agora,2018-07-08,6.2,6,nauki społeczne (psychologia | socjologia | itd.),250
"Skin coach. Twoja droga do pięknej i zdrowej skóry",Bożena Społowicz,Otwarte,2018-07-08,4.6,6,poradniki,320
"Pochówek dla rezuna",Paweł Smoleński,Czarne,2018-06-28,7.1,8,reportaż,192
"Świnia ryje w sieci, czyli z pamiętnika hejtera",PigOut,Edipresse,2018-06-20,7.0,7,reportaż,256
"Międzymorze. Podróże przez prawdziwą i wyobrażoną Europę Środkową",Ziemowit Szczerek,Agora, Czarne,2018-06-18,6.9,8,reportaż,344
"Ma być czysto",Anna Cieplak,Krytyka Polityczna,2018-06-07,6.2,5,literatura piękna,232
"Babska szychta",Karolina Baca-Pogorzelska,Tartak wyrazów,2018-06-05,6.0,5,reportaż,140
"Zaraza",Jerzy Ambroziewicz,Dowody na Istnienie,2018-06-04,7.1,8,reportaż,280
"Delfin w malinach. Snobizmy i obyczaje ostatniej dekady",Michał Paweł Markowski | Iwona Kurz,Czarne,2018-05-28,5.7,7,publicystyka literacka | eseje,408
"Zastrzelony jadłospis",Anna Bojarska,Vis-á-Vis/Etiuda,2018-05-11,5.1,8,powieść historyczna,104
"Gottland",Mariusz Szczygieł,Czarne,2018-05-06,7.7,8,reportaż,256
"Zapiski na biletach",Michał Olszewski,Czarne,2018-04-29,6.8,6,reportaż,304
"Każdy został człowiekiem",Piotr Nesterowicz,Czarne,2018-04-18,6.8,8,reportaż,240
"Święte krowy na kółkach",Jacek Fedorowicz,Wielka Litera,2018-04-12,7.1,6,publicystyka literacka | eseje,312
"Noc żywych Żydów",Igor Ostachowicz,,2018-03-30,6.1,6,literatura piękna,
"Karawana kryzysu. Za kulisami przemysłu pomocy humanitarnej",Linda Polman,Czarne,2018-03-22,7.4,6,reportaż,264
"Wniebowzięte. O stewardesach w PRL-u",Anna Sulińska,Czarne,2018-03-09,7.2,7,reportaż,234
"Polonez na polu minowym",Dorota Wodecka,Agora,2018-02-22,6.3,7,reportaż,256
"Droga do domu",Yaa Gyasi,Wydawnictwo Literackie,2018-02-12,7.1,7,literatura piękna,412
"Jak przejąć kontrolę nad światem nie wychodząc z domu",Dorota Masłowska,Wydawnictwo Literackie,2017-12-27,7.1,7,literatura piękna,232
"Szóste wymieranie. Historia nienaturalna",Elizabeth Kolbert,W.A.B.,2017-12-17,7.6,8,reportaż,384
"Księżyc z peweksu. O luksusie w PRL",Aleksandra Boćkowska,Czarne,2017-12-13,6.3,9,reportaż,328
"Nie opuszczaj mnie",Kazuo Ishiguro,Albatros,2017-11-29,7.0,6,literatura piękna,320
"Cięcie - włosy ludu polskiego",Paweł Ziegler | Joanna Ambroz,Bosz,2017-11-21,5.9,3,popularnonaukowa,64
"Diabeł i tabliczka czekolady",Paweł Piotr Reszka,Agora,2017-11-21,7.1,7,reportaż,220
"Ganbare! Warsztaty umierania",Katarzyna Boni,Agora,2017-11-20,8.0,9,reportaż,304
"Jak zawsze",Zygmunt Miłoszewski,W.A.B.,2017-11-20,7.0,9,literatura piękna,480
"Mitologia Słowian",Aleksander Gieysztor,Wydawnictwa Artystyczne i Filmowe,2017-11-15,7.1,7,religia,272
"Europejka",Manuela Gretkowska,W.A.B.,2017-10-28,6.3,7,literatura piękna,354
"Sowiety od kuchni. Mikojan i radziecka gastronomia",Irina Głuszczenko,Krytyka Polityczna,2017-12-27,6.3,7,historia,208
"Księga smoków polskich",Paweł Zych | Witold Vargas,Bosz,2017-11-04,7.4,7,historia,144
"Złoty pociąg. Krótka historia szaleństwa",Joanna Lamparska,Burda Publishing Polska,2017-10-22,6.0,7,reportaż,222
"Polak sprzeda zmysły",Konrad Oprzędek,Dowody na Istnienie,2017-10-18,6.6,7,reportaż,150
"Lata powyżej zera",Anna Cieplak,Znak Literanova,2017-10-17,6.4,6,literatura piękna,272
"Blush. Faces of Shame",Elspeth Probyn,,2017-10-14,5.0,5,nauki społeczne (psychologia | socjologia | itd.),
"Na linii świata",Manuela Gretkowska,Znak Literanova,2017-10-10,4.7,5,literatura piękna,356
"Elegancja jeża",Muriel Barbery,Sonia Draga,2017-10-09,7.1,6,literatura piękna,360
"Some Hope",Edward St Aubyn,,2017-08-24,7.0,7,literatura piękna,
"Bad News",Edward St Aubyn,panmacmillan,2017-08-11,7.0,7,literatura obyczajowa | romans,256
"Dom Róży",Hubert Klimko-Dobrzaniecki,Czarne,2017-08-23,7.3,6,literatura piękna,111
"Never Mind",Edward St Aubyn,,2017-08-08,7.0,7,literatura piękna,
"Znaki szczególne",Paulina Wilk,Wydawnictwo Literackie,2017-08-07,6.5,6,literatura piękna,256
"Smutek cinkciarza",Sylwia Chutnik,Od deski do deski,2017-07-29,6.3,7,literatura piękna,224
"Historia zaginionej dziewczynki",Elena Ferrante,Sonia Draga,2017-07-26,7.6,9,literatura piękna,590
"Historia ucieczki",Elena Ferrante,Sonia Draga,2017-07-15,7.5,9,literatura piękna,520
"Sklepy cynamonowe",Bruno Schulz,Wydawnictwo MG,2017-07-11,6.9,2,klasyka,256
"Samotność w sieci",Janusz Leon Wiśniewski,Wielka Litera,2017-07-06,6.8,2,literatura obyczajowa | romans,424
"Fafarułej czyli pastylki z pomarańczy",Jerzy Sosnowski,Wielka Litera,2017-07-05,6.8,7,literatura piękna,496
"At Last",Edward St Aubyn,Picador USA,2017-09-20,7.2,8,literatura piękna,265
"Mother’s Milk",Edward St Aubyn,Picador,2017-09-11,7.2,8,literatura piękna,288
"Syjoniści do Syjamu",Marek Nowakowski,Świat Książki,2017-06-22,7.3,7,powieść historyczna,208
"What's Your Number",Karyn Bosnak,,2017-06-19,5.0,5,literatura obyczajowa | romans,
"Moja wielka miłość",Izabela Stachowicz,W.A.B.,2017-06-08,6.6,7,biografia | autobiografia | pamiętnik,160
"Obrażenia. Pobici z Polską",Małgorzata Rejmer | Ziemowit Szczerek,Wielka Litera,2017-06-06,6.2,8,reportaż,224
"Więcej niż możesz zjeść. Felietony parakulinarne",Dorota Masłowska,Noir sur Blanc,2017-06-05,7.1,6,literatura piękna,132
"Szefowa swojej szafy",Monika Jurczyk,Burda Publishing Polska,2017-06-01,5.5,5,poradniki,200
"Dysforia. Przypadki mieszczan polskich",Marcin Kołodziejczyk,Wielka Litera,2017-05-25,6.1,3,reportaż,288
"Historia nowego nazwiska",Elena Ferrante,Sonia Draga,2017-05-25,7.7,8,literatura piękna,600
"Emilia Plater",Małgorzata Żaryn,DiG,2017-05-23,7.0,7,historia,82
"Szlachcianki w dawnej Polsce. Na salonach i od kuchni",Karolina Stojek-Sawicka,,2017-05-18,4.7,1,powieść historyczna,
"Z nowego wspaniałego świata",Günter Wallraff,Czarne,2017-05-09,6.9,7,reportaż,352
"Genialna przyjaciółka",Elena Ferrante,Sonia Draga,2017-04-26,7.4,7,literatura piękna,480
"Góra Tajget",Anna Dziewit-Meller,Wielka Litera,2017-04-21,7.0,8,literatura piękna,248
"Niezwykła podróż fakira, który utknął w szafie Ikea",Romain Puértolas,Sonia Draga,2017-04-12,6.1,4,literatura piękna,240
"Mickiewicz. Słowo i czyn",Alina Witkowska,Wydawnictwo Naukowe PWN,2017-04-10,6.7,3,językoznawstwo | nauka o literaturze,347
"Ślady",Jakub Małecki,Sine Qua Non,2017-03-29,7.4,7,literatura piękna,304
"Król kebabów i inne zderzenia polsko-obce",Marta Mazuś,Wielka Litera,2017-03-24,6.1,7,reportaż,256
"Kiedyś był tu koniec świata",Florian Klenk,,2017-03-22,6.4,6,reportaż,
"Kosmitka",Manuela Gretkowska,Świat Książki,2017-03-18,6.2,7,biografia | autobiografia | pamiętnik,224
"Zbrodnia hrabiego Neville’a",Amélie Nothomb,Wydawnictwo Literackie,2017-03-13,6.4,6,kryminał | sensacja | thriller,108
"Małe życie",Hanya Yanagihara,W.A.B.,2017-03-12,7.8,6,literatura piękna,816
"Wegetarianka",Han Kang,Kwiaty Orientu,2017-03-06,6.7,6,literatura piękna,167
"Sekretne życie drzew",Peter Wohlleben,Otwarte,2017-03-05,7.2,8,publicystyka literacka | eseje,256
"Syn zarządcy sierocińca",Adam Johnson,Świat Książki,2017-03-04,7.2,10,literatura piękna,560
"8% z niczego",Etgar Keret,W.A.B.,2017-02-28,7.2,8,literatura piękna,162
"Piekło - niebo. Zrozumieć Koreę",Rafał Tomański,Bezdroża,2017-02-26,5.0,2,literatura podróżnicza,232
"Rakiem. Gorąca wojna i populizm mediów",Umberto Eco,W.A.B.,2017-02-25,6.9,6,nauki społeczne (psychologia | socjologia | itd.),416
"No Logo",Naomi Klein,Muza,2017-02-18,7.1,7,reportaż,528
"Daruj sobie. Przewodnik dla tych, którzy nie potrafią przestać",Peg Streep | Alan B. Bernstein,Wydawnictwo Naukowe PWN,2016-12-29,6.4,6,poradniki,244
"Z mgły zrodzony",Brandon Sanderson,Mag,2016-12-09,8.2,6,fantasy | science fiction,672
"Pomnik Cesarzowej Achai - Tom V",Andrzej Ziemiański,Fabryka Słów,2016-11-26,7.6,6,fantasy | science fiction,996
"Sekrety urody Koreanek. Elementarz pielęgnacji",Charlotte Cho,Znak Literanova,2016-10-26,6.8,6,poradniki,224
"Zakonnice odchodzą po cichu",Marta Abramowicz,Krytyka Polityczna,2016-10-21,6.9,7,reportaż,226
"Czasy secondhand. Koniec czerwonego człowieka",Swietłana Aleksijewicz,Czarne,2016-10-20,8.0,9,reportaż,512
"Dorosłe dzieci. Psychologiczna problematyka odwrócenia ról w rodzinie.",Katarzyna Schier,Wydawnictwo Naukowe Scholar,2016-10-18,8.5,9,nauki społeczne (psychologia | socjologia | itd.),328
"Seks na wysokich obcasach",Alicja Długołęcka | Paulina Reiter,Agora,2016-10-14,6.7,9,nauki społeczne (psychologia | socjologia | itd.),272
"Jolanta",Sylwia Chutnik,Znak Literanova,2016-10-05,6.5,7,literatura piękna,288
"Tatuaż z tryzubem",Ziemowit Szczerek,Czarne,2016-10-04,7.3,7,literatura piękna,328
"Pod schodami",Alison Maloney,Bellona,2016-09-29,6.7,7,historia,184
"Fragmenty dyskursu miłosnego",Roland Barthes,Aletheia,2016-09-07,8.2,7,filozofia | etyka,378
"Harry Potter i Komnata Tajemnic",J.K. Rowling,Media Rodzina,2016-09-01,8.3,6,literatura młodzieżowa,368
"My z Jedwabnego",Anna Bikont,Czarne,2016-08-29,7.9,9,reportaż,608
"Harry Potter i Przeklęte Dziecko",J.K. Rowling | Jack Thorne,Media Rodzina,2016-08-08,6.3,3,literatura młodzieżowa,368
"Sąsiedzi. Historia zagłady żydowskiego miasteczka",Jan Tomasz Gross,Pogranicze,2016-08-05,5.9,6,reportaż,162
"Zakazane ciało. Historia męskiej obsesji",Diane Ducret,Znak Horyzont,2016-08-04,6.7,5,reportaż,382
"Kobiety, komunizm i industrializacja w powojennej Polsce",Małgorzata Fidelis,W.A.B.,2016-07-27,7.6,9,historia,448
"Światło, którego nie widać",Anthony Doerr,Czarna Owca,2016-07-24,7.8,8,literatura piękna,640
"CK Monogatari",Artur Laisen,Genius Creations,2016-07-18,6.8,7,fantasy | science fiction,348
"Blogotony",Inga Iwasiów,Wielka Litera,2016-07-15,5.8,5,publicystyka literacka | eseje,344
"Kucając",Andrzej Stasiuk,Czarne,2016-04-04,7.4,6,literatura piękna,128
"Bieguni",Olga Tokarczuk,Wydawnictwo Literackie,2016-04-02,7.1,5,literatura piękna,456
"Wojna nie ma w sobie nic z kobiety",Swietłana Aleksijewicz,Czarne,2016-03-20,8.2,10,reportaż,336
"13 pięter",Filip Springer,Czarne,2016-03-05,7.8,9,reportaż,280
"Pomnik Cesarzowej Achai - Tom IV",Andrzej Ziemiański,Fabryka Słów,2016-02-25,7.6,6,fantasy | science fiction,700
"Rzeczpospolita zwycięska. Alternatywna historia Polski",Ziemowit Szczerek,Znak,2016-02-21,5.8,8,powieść historyczna,280
"Galeria złamanych piór",Feliks W. Kres,Fabryka Słów,2016-02-16,6.9,6,fantasy | science fiction,409
"Memy i graffy. Dżender, kasa i seks",Agnieszka Graff | Marta Frej,Krytyka Polityczna,2016-02-09,6.8,8,publicystyka literacka | eseje,296
"Pomnik Cesarzowej Achai - Tom III",Andrzej Ziemiański,Fabryka Słów,2016-02-08,7.6,7,fantasy | science fiction,800
"God Hates Poland",Michał R. Wiśniewski,Krytyka Polityczna,2016-02-05,6.3,8,literatura piękna,276
"Podkrzywdzie",Andrzej Muszyński,Wydawnictwo Literackie,2016-02-04,5.7,2,literatura piękna,192
"Wiadomość",Tove Jansson,Marginesy,2016-02-03,7.0,7,literatura piękna,320
"Dygot",Jakub Małecki,Sine Qua Non,2016-01-02,7.8,9,literatura piękna,320
"Dziady",Paweł Goźliński,Czarne,2015-12-30,6.4,8,literatura piękna,455
"Angole",Ewa Winnicka,Czarne,2015-12-29,6.8,5,reportaż,304
"Dary niedoskonałości. Jak przestać się przejmować tym, kim powinniśmy być, i zaakceptować to, kim jesteśmy",Brené Brown,Media Rodzina,2015-12-28,6.6,4,nauki społeczne (psychologia | socjologia | itd.),168
"Szatańskie wersety",Salman Rushdie,Rebis,2015-12-27,7.0,7,literatura piękna,664
"Pomnik Cesarzowej Achai - Tom II",Andrzej Ziemiański,Fabryka Słów,2015-12-20,7.5,6,fantasy | science fiction,700
"9 Wigilii",Jerzy Pilch | Paweł Huelle,Świat Książki,2015-12-13,5.8,6,literatura piękna,224
"Pani Bovary",Gustave Flaubert,Sic!,2015-12-09,6.9,6,klasyka,419
"Middlesex",Jeffrey Eugenides,Sonia Draga,2015-11-28,7.9,8,literatura piękna,608
"Mężczyzna z blizną",Sarah Mallory,Harlequin,2015-11-26,6.4,4,literatura obyczajowa | romans,272
"Eleonora i Park",Rainbow Rowell,Otwarte,2015-11-24,7.3,5,literatura młodzieżowa,340
"Wielki Marsz",Richard Bachman,Prószyński i S-ka,2015-11-18,7.6,7,kryminał | sensacja | thriller,264
"Wschód, zachód",Salman Rushdie,Rebis,2015-11-13,6.0,9,literatura piękna,172
"Furia",Salman Rushdie,Rebis,,6.6,,literatura piękna,288
"Lot nad kukułczym gniazdem",Ken Kesey,Albatros,2015-11-12,8.2,10,literatura piękna,368
"Dzieci z Bullerbyn",Astrid Lindgren,Nasza Księgarnia,2015-11-10,7.5,9,literatura dziecięca,352
"Korzeniec",Zbigniew Białas,Wydawnictwo MG,,7.0,,literatura piękna,416
"Szum",Magdalena Tulli,Znak Literanova,2015-10-30,6.8,7,literatura piękna,208
"Na dnie nieba",Manuela Gretkowska,Świat Książki,2015-10-28,5.9,7,publicystyka literacka | eseje,224
"Persepolis: Historia dzieciństwa",Marjane Satrapi,Post,2015-10-28,8.1,9,komiksy,158
"Uległość",Michel Houellebecq,W.A.B.,2015-10-27,6.7,3,literatura piękna,352
"Hawaikum. W poszukiwaniu istoty piękna",Józef Tischner | Dariusz Czaja,,2015-10-10,6.6,6,popularnonaukowa,272
"Nad Niemnem",Eliza Orzeszkowa,Greg,2015-10-04,6.0,7,klasyka,400
"Słońce jeszcze nie wzeszło. Tsunami. Fukushima",Piotr Bernardyn,Bezdroża,2015-10-04,7.3,9,reportaż,200
"Uprawa roślin południowych metodą Miczurina",Weronika Murek,Czarne,2015-10-02,6.0,5,literatura piękna,144
"Metro 2033",Dmitry Glukhovsky,Insignis,2015-09-29,7.8,6,fantasy | science fiction,613
"Pomnik Cesarzowej Achai - Tom I",Andrzej Ziemiański,Fabryka Słów,2015-09-19,7.3,7,fantasy | science fiction,688
"Białe zęby",Zadie Smith,Znak,2015-09-17,6.9,8,literatura piękna,528
"Historia brudu",Katherine Ashenburg,Bellona,2015-09-10,6.6,6,historia,264
"Ku słońcu",Inga Iwasiów,Świat Książki,2015-09-06,5.9,7,literatura piękna,352
"Milczenie owiec",Thomas Harris,Albatros,2015-08-05,8.0,6,kryminał | sensacja | thriller,432
"Czerwony smok",Thomas Harris,Albatros,2015-08-03,7.6,6,kryminał | sensacja | thriller,448
"Made in Japan",Rafał Tomański,Helion,2015-07-31,5.5,5,reportaż,192
"Tequila",Krzysztof Varga,Czarne,2015-07-30,6.3,5,literatura piękna,124
"Gnój",Wojciech Kuczok,W.A.B.,2015-07-25,6.8,8,literatura piękna,216
"Dzidzia",Sylwia Chutnik,Świat Książki,2015-07-15,5.7,7,literatura piękna,174
"Balladyny i romanse",Ignacy Karpowicz,Wydawnictwo Literackie,2015-07-15,6.9,2,literatura piękna,526
"Silikon",Manuela Gretkowska,W.A.B.,2015-07-12,5.9,8,literatura piękna,188
"The Fellowship Of The Ring",J.R.R. Tolkien,HarperCollins,2015-07-04,8.4,9,fantasy | science fiction,407
"Sońka",Ignacy Karpowicz,Wydawnictwo Literackie,2015-05-16,7.7,9,literatura piękna,208
"Guguły",Wioletta Grzegorzewska,Czarne,2015-06-20,7.1,9,literatura piękna,120
"Nasza klasa. Historia w XIV lekcjach",Tadeusz Słobodzianek,słowo/obraz terytoria,2015-06-21,7.5,9,utwór dramatyczny (dramat | komedia | tragedia),108
"Polka",Manuela Gretkowska,W.A.B.,2015-06-16,6.4,9,literatura piękna,346
"Fan fiction. Nowe formy opowieści",Lidia Gąsowska,Korporacja Ha!art,2015-06-13,6.2,5,językoznawstwo | nauka o literaturze,328
"Na brzegu rzeki",Czesław Miłosz,,2015-06-11,7.2,6,poezja,
"The Hobbit",J.R.R. Tolkien,HarperCollins,2015-05-25,7.8,7,fantasy | science fiction,320
"Heban",Ryszard Kapuściński,Agora,2015-05-12,7.9,8,reportaż,261
"Kłamca 3. Ochłap sztandaru",Jakub Ćwiek,Fabryka Słów,2015-05-03,6.9,5,fantasy | science fiction,272
"Kłamca 2. Bóg marnotrawny",Jakub Ćwiek,Fabryka Słów,2015-05-02,7.3,6,fantasy | science fiction,296
"Kłamca",Jakub Ćwiek,Fabryka Słów,2015-04-29,7.1,6,fantasy | science fiction,272
"Niesamowita Słowiańszczyzna. Fantazmaty literatury",Maria Janion,Wydawnictwo Literackie,2015-04-28,7.4,5,językoznawstwo | nauka o literaturze,353
"Siódemka",Ziemowit Szczerek,Korporacja Ha!art,2015-04-18,6.7,9,literatura piękna,256
"Małe lisy",Justyna Bargielska,Czarne,2015-04-16,5.8,7,literatura piękna,112
"Silmarillion",J.R.R. Tolkien,Amber,2015-04-14,8.0,8,fantasy | science fiction,408
"Rekin z parku Yoyogi",Joanna Bator,W.A.B.,2015-04-02,6.2,4,literatura piękna,240
"Kobiety i Władza",Magdalena Środa,W.A.B.,2015-04-01,6.9,6,nauki społeczne (psychologia | socjologia | itd.),467
"Zabić drozda",Harper Lee,Rebis,2015-03-31,8.1,9,literatura piękna,420
"Północ i Południe",Elizabeth Gaskell,Świat Książki,2015-03-27,7.6,8,klasyka,576
"Patchwork",Marta Haba,Novae Res,2015-06-16,6.3,6,literatura piękna,86
"Analfabetka, która potrafiła liczyć",Jonas Jonasson,W.A.B.,2015-03-22,7.1,8,literatura piękna,416
"Beasts",John Crowley,Victor Gollancz,2015-03-19,7.0,7,fantasy | science fiction,184
"Złodziejka",Sarah Waters,Prószyński i S-ka,2015-03-09,7.4,7,literatura piękna,560
"Achaja - Tom III",Andrzej Ziemiański,Fabryka Słów,2015-03-09,6.7,6,fantasy | science fiction,409
"Delikatność",David Foenkinos,Znak,2015-02-24,6.8,8,literatura piękna,208
"Achaja - Tom II",Andrzej Ziemiański,Fabryka Słów,2015-02-24,7.1,7,fantasy | science fiction,644
"Achaja - Tom I",Andrzej Ziemiański,Fabryka Słów,2015-02-13,6.9,8,fantasy | science fiction,688
"Solaris",Stanisław Lem,Wydawnictwo Literackie,2015-02-05,7.9,7,fantasy | science fiction,340
"Wodnikowe Wzgórze",Richard Adams,Muza,2015-02-02,8.0,7,fantasy | science fiction,576
"Porwanie Jane E.",Jasper Fforde,Znak,2015-01-03,7.0,8,fantasy | science fiction,468
"Świat Rocannona",Ursula K. Le Guin,Amber,2014-12-28,6.6,7,fantasy | science fiction,142
"Kobieta i mężczyźni",Manuela Gretkowska,Świat Książki,,5.7,8,literatura piękna,272
"Trans",Manuela Gretkowska,Świat Książki,2014-12-21,5.4,7,literatura piękna,288
"Trudno być bogiem. Drugi najazd Marsjan",Arkadij Strugacki | Borys Strugacki,Czytelnik,2014-12-19,7.0,8,fantasy | science fiction,270
"Ciało niczyje",Krystyna Kofta,Polska Oficyna Wydawnicza BGW,2014-09-18,6.9,7,literatura piękna,240
"Wieczny Grunwald",Szczepan Twardoch,Wydawnictwo Literackie,2014-09-21,6.5,,literatura piękna,212
"My, naród",Tomasz Lis,Świat Książki,2014-07-13,5.5,,nauki społeczne (psychologia | socjologia | itd.),255
"Kręci mnie Mads Mikkelsen",Hedda H. Robertsen,W.A.B.,2014-07-06,5.1,,literatura piękna,176
"The Fourth Bear",Jasper Fforde,,2014-06-16,7.0,7,kryminał | sensacja | thriller,
"Cinder",Marissa Meyer,Egmont Polska,2014-06-13,7.8,6,fantasy | science fiction,440
"Słoneczko",Maria Buyno-Arctowa,POLWEN,,7.4,8,literatura dziecięca,153
"Cat's Cradle",Kurt Vonnegut,Bantam Books,,7.5,6,literatura piękna,304
"Zimowe zjawy",Kate Mosse,Prószyński i S-ka,2014-05-10,5.7,6,literatura piękna,239
"Przyjdzie Mordor i nas zje, czyli tajna historia Słowian",Ziemowit Szczerek,Korporacja Ha!art,2014-05-09,7.2,7,literatura piękna,220
"Pornografia",Witold Gombrowicz,Wydawnictwo Literackie,2014-04-29,7.7,7,literatura piękna,224
"Ferdydurke",Witold Gombrowicz,Wydawnictwo Literackie,,6.8,,klasyka,296
"Folwark zwierzęcy",George Orwell,Muza,2013-08-13,8.1,8,satyra,136
"Strażnik parku",Błażej Dzikowski,Świat Książki,2013-08-07,6.1,6,literatura piękna,320
"Historia pewnego życia",Guy de Maupassant,Zrzeszenie Księgarstwa,2013-08-04,7.0,7,literatura piękna,199
"Bierki",Marcin Szczygielski,Instytut Wydawniczy Latarnik,2013-08-01,6.9,6,literatura piękna,364
"Obsoletki",Justyna Bargielska,Czarne,,6.2,,literatura piękna,90
"Shades of Grey",Jasper Fforde,Hodder & Stoughton,2013-07-17,6.7,8,fantasy | science fiction,432
"Agent",Manuela Gretkowska,Świat Książki,2013-07-08,5.8,,literatura piękna,224
"Klub Radości i Szczęścia",Amy Tan,Prószyński i S-ka,2013-06-09,7.1,6,literatura piękna,304
"1Q84 - t. 3",Haruki Murakami,Muza,2013-05-17,7.3,3,literatura piękna,512
"Zapasy z życiem",Éric-Emmanuel Schmitt,Znak,2013-05-17,6.7,6,literatura piękna,74
"Dom schadzek",Martin Amis,Czytelnik,2012-10-24,5.8,7,literatura piękna,234
"Krótka historia czasu",Stephen Hawking,Zysk i S-ka,2012-10-13,7.6,6,astronomia | astrofizyka,177
"Obywatelka",Manuela Gretkowska,Świat Książki,2012-10-12,6.2,8,literatura obyczajowa | romans,320
"Kod Leonarda da Vinci",Dan Brown,Albatros,,7.1,,kryminał | sensacja | thriller,568
"Anioły i demony",Dan Brown,Albatros, Sonia Draga,,7.3,,kryminał | sensacja | thriller,560
"W czerwieni",Magdalena Tulli,W.A.B.,2012-08-07,6.0,5,literatura piękna,158
"Lustrzane odbicie",Audrey Niffenegger,Mag,2012-07-25,7.5,7,literatura piękna,532
"Opowieść rozbitka",Gabriel García Márquez,Muza,2012-07-09,6.8,7,literatura piękna,115
"Podręcznik do ludzi",Manuela Gretkowska,W.A.B.,2012-07-09,5.6,6,literatura piękna,173
"Krótka historia Iwony Tramp",Krystyna Kofta,W.A.B.,2012-07-08,4.5,3,literatura piękna,222
"Dziennik Jaskółki",Amélie Nothomb,Muza,2012-06-09,5.9,6,literatura piękna,80
"Wynurzenie",Margaret Atwood,Zysk i S-ka,2012-06-03,6.1,6,literatura piękna,197
"Dwanaście opowiadań tułaczych",Gabriel García Márquez,Muza,2012-05-17,7.1,7,literatura piękna,192
"Van Gogh. Życie i twórczość",Dieter Beaujean,Konemann,2012-05-07,6.3,4,sztuka,96
"Samotność Bogów",Dorota Terakowska,Wydawnictwo Literackie,2012-05-02,7.0,6,literatura piękna,260
"Tarot paryski",Manuela Gretkowska,W.A.B.,2012-04-28,5.7,7,literatura piękna,168
"Heart and Soul",Maeve Binchy,Orion,2012-04-15,6.7,6,literatura obyczajowa | romans,464
"Kiedy byliśmy sierotami",Kazuo Ishiguro,Prószyński i S-ka,,6.2,3,literatura piękna,327
"Szczęściarz",Nicholas Sparks,Albatros,2012-04-04,7.4,5,literatura piękna,408
"Straszydła na co dzień",Karel Michal,Oficyna Wydawnicza ATUT,2012-01-15,7.7,7,literatura piękna,161
"Betonowy ogród",Ian McEwan,Znak,2012-01-11,6.4,7,literatura piękna,200
"Władca much",William Golding,Mediasat Poland,2011-12-09,7.5,8,literatura piękna,180
"Kwas siarkowy",Amélie Nothomb,Muza,2011-11-25,6.6,9,kryminał | sensacja | thriller,144
"Parade's End",Ford Madox Ford,BBC Books,2012-09-06,6.5,9,literatura piękna,912
"Kochanek lady Chatterley",David Herbert Lawrence,Świat Książki,2011-11-24,5.9,8,literatura obyczajowa | romans,302
"Mnisi-czarnoksiężnicy, czyli niesamowite historie o dziwnych ludziach",Pu Songling,Wydawnictwo Iskry,,6.3,6,literatura piękna,220
"Lis już wtedy był myśliwym",Herta Müller,Czarne,2011-11-16,7.0,9,literatura piękna,256
"Kabaret metafizyczny",Manuela Gretkowska,W.A.B.,2011-11-12,5.6,9,literatura piękna,120
"1Q84 - t. 2",Haruki Murakami,Muza,2011-09-29,7.5,9,literatura piękna,416
"Duma, uprzedzenie i gra pozorów",Melissa Nathan,Albatros,2011-09-12,6.3,7,literatura piękna,368
"Języki i kolczyki",Hitomi Kanehara,Albatros,2011-09-11,4.9,5,literatura piękna,104
"North and South",Elizabeth Gaskell,Penguin Books,2011-09-10,7.6,9,klasyka,462
"Dzieci z Bullerbyn",Astrid Lindgren,Nasza Księgarnia,,7.6,,literatura dziecięca,280
"Ania z Zielonego Wzgórza",Lucy Maud Montgomery,Wydawnictwo Literackie,,7.6,7,literatura dziecięca,408
"1Q84 - t. 1",Haruki Murakami,Muza,2011-09-02,7.5,9,literatura piękna,480
"Salt Fish Girl",Larissa Lai,,2011-08-26,8.5,9,literatura piękna,
"When Fox is a Thousand",Larissa Lai,Arsenal Pulp Press,2011-08-17,5.0,5,literatura piękna,272
"Dziewczyna o szklanych stopach",Ali Shaw,Amber,,6.0,,literatura piękna,296
"Prowadź swój pług przez kości umarłych",Olga Tokarczuk,Wydawnictwo Literackie,2011-08-11,7.2,7,literatura piękna,318
"Wieczory cyrkowe",Angela Carter,Czytelnik,,7.1,5,fantasy | science fiction,307
"Zmory",Emil Zegadłowicz,Ossolineum,,6.9,5,literatura piękna,490
"Kroki",Mariusz Maślanka,Świat Książki,2011-07-30,5.6,7,literatura piękna,158
"W blasku księżyca",Lian Hearn,W.A.B.,2011-06-29,7.3,7,literatura piękna,435
"This Place Called Absence",Lydia Kwa,,2011-08-18,5.0,5,literatura piękna,
"Strzała czasu albo natura występku",Martin Amis,Muza,2011-06-05,7.3,9,literatura piękna,169
"Namiętność",Jeanette Winterson,Rebis,2011-06-03,6.7,7,literatura piękna,189
"Pokuta",Ian McEwan,Albatros,2011-05-30,7.1,5,literatura piękna,398
"Fight Club. Podziemny krąg",Chuck Palahniuk,Niebieska Studnia,2011-05-23,7.9,7,literatura piękna,235
"Światłość w sierpniu",William Faulkner,Czytelnik,2011-05-03,7.4,5,literatura piękna,660
"Na posłaniu z trawy",Lian Hearn,W.A.B.,2011-04-26,7.2,9,literatura piękna,372
"Po słowiczej podłodze",Lian Hearn,W.A.B.,2011-04-20,7.2,9,literatura piękna,368
"Beatrycze i Wergili",Yann Martel,Albatros,2011-04-15,6.6,9,literatura piękna,240
"Obca",Diana Gabaldon,Świat Książki,,7.6,9,literatura obyczajowa | romans,712
"Róża dla Emilii",William Faulkner,Książka i Wiedza,,7.0,,literatura piękna,74
"Prawiek i inne czasy",Olga Tokarczuk,Wydawnictwo Literackie,2011-04-01,7.7,9,literatura piękna,304
"Kosmetyka wroga",Amélie Nothomb,Muza,2011-03-28,6.9,5,literatura piękna,101
"Kochanica Francuza",John Fowles,Rebis,2011-03-07,7.0,9,literatura piękna,358
"Jutro będzie lepiej",Mariusz Maślanka,Wydawnictwo Literackie,2011-02-24,6.8,7,literatura piękna,161
"Siostra Carrie t.1",Theodore Dreiser,Wydawnictwo Poznańskie,2011-02-21,6.4,1,klasyka,230
"My zdies' emigranty",Manuela Gretkowska,W.A.B.,2011-02-17,5.6,5,literatura piękna,144
"Bajerom wbrew",Anna Ziętara,Prószyński i S-ka,2011-02-16,5.7,3,literatura piękna,392
"Czekając na Godota",Samuel Beckett,Państwowy Instytut Wydawniczy,,7.5,,literatura piękna,117
"Dwa domki na kółkach",Marina Lewycka,Albatros,2011-02-13,7.5,5,literatura piękna,365
"Świat szeroko zamknięty",Izabela Sowa,Bliskie,2011-04-06,6.0,3,literatura piękna,256
"Ptasiek",William Wharton,Rebis,,7.3,5,literatura piękna,317
"Cząstki elementarne",Michel Houellebecq,W.A.B.,,7.1,,literatura piękna,363
"Lolita",Vladimir Nabokov,Muza,,7.3,,literatura piękna,416
"Skok Safony",Erica Jong,Świat Książki,,6.4,,biografia | autobiografia | pamiętnik,416
"Niegrzeczni bogowie",Marie Phillips,Świat Książki,,6.1,7,literatura piękna,304
"Musimy porozmawiać o Kevinie",Lionel Shriver,Videograf II,,8.0,9,kryminał | sensacja | thriller,424
"Granica",Zofia Nałkowska,Zielona Sowa,,5.9,,klasyka,231
"Potop",Henryk Sienkiewicz,Greg,,7.1,,powieść historyczna,934
"Paulina w orbicie kotów",Marta Fox,Akapit Press,,6.1,,literatura młodzieżowa,248
"Paulina.doc",Marta Fox,Siedmioróg,,6.2,,literatura młodzieżowa,166
"Magda.doc",Marta Fox,Siedmioróg,,6.3,,literatura młodzieżowa,216
"Batoniki Always miękkie jak deszczówka",Marta Fox,Siedmioróg,,5.5,,literatura młodzieżowa,85
"Coraz mniej milczenia. O dramatach dzieciństwa bez tabu",Marta Fox,Siedmioróg,,6.7,,reportaż,215
"Ostatnie życzenie",Andrzej Sapkowski,,,8.4,,fantasy | science fiction,286
"Narrenturm",Andrzej Sapkowski,Niezależna Oficyna Wydawnicza NOWA,,7.7,,fantasy | science fiction,593
"Boży bojownicy",Andrzej Sapkowski,Niezależna Oficyna Wydawnicza NOWA,,7.7,,fantasy | science fiction,587
"Krew elfów",Andrzej Sapkowski,superNOWA,,8.2,,fantasy | science fiction,296
"Pani Jeziora",Andrzej Sapkowski,Niezależna Oficyna Wydawnicza NOWA,,8.2,,fantasy | science fiction,520
"Chrzest ognia",Andrzej Sapkowski,,,8.3,,fantasy | science fiction,333
"Daj mi!",Irina Dienieżkina,Świat Książki,,5.1,,literatura obyczajowa | romans,174
"Czas pogardy",Andrzej Sapkowski,,,8.2,,fantasy | science fiction,320
"Dwie wieże",J.R.R. Tolkien,Zysk i S-ka,,8.4,,fantasy | science fiction,501
"Powrót Króla",J.R.R. Tolkien,Amber,,8.6,,fantasy | science fiction,397
"Drużyna Pierścienia",J.R.R. Tolkien,Amber,,8.4,,fantasy | science fiction,384
"Hobbit, czyli tam i z powrotem",J.R.R. Tolkien,Wydawnictwo Iskry,,7.8,,fantasy | science fiction,315
"Harry Potter i Insygnia Śmierci",J.K. Rowling,Media Rodzina,,8.4,,fantasy | science fiction,782
"Harry Potter i Książę Półkrwi",J.K. Rowling,Media Rodzina,,8.4,,fantasy | science fiction,704
"Harry Potter i Zakon Feniksa",J.K. Rowling,Media Rodzina,,8.3,,fantasy | science fiction,959
"Harry Potter i Czara Ognia",J.K. Rowling,Media Rodzina,,8.3,,fantasy | science fiction,768
"Harry Potter i Komnata Tajemnic",J.K. Rowling,Media Rodzina,,8.0,,fantasy | science fiction,368
"Harry Potter i więzień Azkabanu",J.K. Rowling,Media Rodzina,,8.3,,fantasy | science fiction,460
"Harry Potter i Kamień Filozoficzny",J.K. Rowling,Media Rodzina,,8.1,,fantasy | science fiction,324
"Słońce też wschodzi",Ernest Hemingway,Muza,,6.8,,klasyka,274
"Daisy Miller",Henry James,Książka i Wiedza,,5.8,,literatura piękna,115
"Wielki Gatsby",F. Scott Fitzgerald,Rebis,,7.1,,klasyka,184
"Czerwone i czarne",Stendhal,Zielona Sowa,,6.8,,klasyka,424
"Germinal",Emil Zola,Zielona Sowa,,7.7,,klasyka,352
"Własny pokój",Virginia Woolf,Sic!,,7.7,,publicystyka literacka | eseje,244
"Pani Dalloway",Virginia Woolf,Znak,,7.3,7,literatura piękna,210
"Do latarni morskiej",Virginia Woolf,Czytelnik,,7.2,7,literatura piękna,246
"Jądro ciemności",Joseph Conrad,Zielona Sowa,,6.0,,literatura dziecięca,87
"Powrót do Howards End",Edward Morgan Forster,Prószyński i S-ka,,6.8,,literatura piękna,344
"Dom Lalki (Nora)",Henrik Ibsen,Państwowy Instytut Wydawniczy,,7.3,,utwór dramatyczny (dramat | komedia | tragedia),126
"Myszy i ludzie",John Steinbeck,Muza,,7.8,,klasyka,128
"Buszujący w zbożu",J.D. Salinger,Albatros,,6.7,,literatura piękna,304
"Przebudzenie",Kate Chopin,Oficyna Wydawnicza Comfort,,6.1,,literatura obyczajowa | romans,142
"Zamczysko w Otranto: opowieść gotycka",Horace Walpole,Wydawnictwo Literackie,,6.3,,klasyka,106
"Frankenstein",Mary Shelley,Zielona Sowa,,7.2,,horror,176
"Kolekcjoner",John Fowles,Zysk i S-ka,,7.1,,kryminał | sensacja | thriller,272
"Wide Sargasso Sea",Jean Rhys,Penguin Books,,6.5,,literatura piękna,160
"Dziwne losy Jane Eyre",Charlotte Brontë,Prószyński i S-ka,,7.9,,klasyka,558
"Znak czterech",Arthur Conan Doyle,Oficyna Wydawnicza RYTM,,7.2,1,kryminał | sensacja | thriller,152
"Jumper",Steven Gould,Amber,2011-02-11,6.3,5,fantasy | science fiction,286
"Oryks i Derkacz",Margaret Atwood,Zysk i S-ka,2011-02-10,7.4,9,fantasy | science fiction,335
"Kolumbowie Rocznik 20",Roman Bratny,Państwowy Instytut Wydawniczy,,7.3,,literatura piękna,524
"Popiół i diament",Jerzy Andrzejewski,Czytelnik,,6.7,,klasyka,334
"Labirynt",Kate Mosse,Prószyński i S-ka,,6.1,,powieść historyczna,480
"Linia czasu",Michael Crichton,Amber,,6.6,,kryminał | sensacja | thriller,414
"Kwaidan",Lafcadio Hearn,Diamond Books,,7.3,,kryminał | sensacja | thriller,176
"Konieczne kłamstwa",Ewa Stachniak,Twój Styl,,6.3,,literatura piękna,352
"Kraj rodzinny",Clare Francis,Świat Książki,,5.7,,literatura piękna,416
"Furia",Salman Rushdie,Rebis,,6.5,,literatura piękna,255
"Nowy wspaniały świat",Aldous Huxley,Muza,,7.7,,fantasy | science fiction,250
"Mistrz i Małgorzata",Michaił Bułhakow,Muza,,8.4,,literatura piękna,544
"Cierpkość wiśni",Izabela Sowa,Prószyński i S-ka,,6.1,,literatura piękna,216
"10 minut od centrum",Izabela Sowa,Wydawnictwo Autorskie Katarzyna Grochola,,5.8,,literatura piękna,316
"Przekonać Annie",Melissa Nathan,Albatros,2011-02-06,6.1,,literatura piękna,408
"Niania w Londynie",Melissa Nathan,Albatros,,6.4,,literatura obyczajowa | romans,463
"Nauczycielka",Melissa Nathan,Albatros,,6.1,,literatura obyczajowa | romans,480
"Miłość Peonii",Lisa See,Świat Książki,,6.6,,literatura obyczajowa | romans,400
"Foe",John Maxwell Coetzee,Znak,,6.0,,literatura piękna,160
"Chłopiec z latawcem",Khaled Hosseini,Amber,,8.3,,literatura piękna,272
"Świat Zofii",Jostein Gaarder,Jacek Santorski & Co,,7.2,,literatura młodzieżowa,560
"Maja",Jostein Gaarder,Jacek Santorski & Co,,6.9,,literatura piękna,396
"Dwie miłości",Maria Nurowska,W.A.B.,,7.0,,literatura piękna,224
"Powrót do Lwowa",Maria Nurowska,W.A.B.,,7.1,,literatura piękna,272
"Imię twoje...",Maria Nurowska,W.A.B.,,7.0,,literatura piękna,260
"Szafa",Olga Tokarczuk,Wydawnictwo Literackie,,6.9,,literatura piękna,64
"Wojna polsko-ruska pod flagą biało-czerwoną",Dorota Masłowska,Lampa i Iskra Boża,,5.6,,literatura piękna,208
"W Krainie Kota",Dorota Terakowska,Wydawnictwo Literackie,,6.9,,literatura piękna,216
"Tam, gdzie spadają Anioły",Dorota Terakowska,Wydawnictwo Literackie,,7.2,,literatura piękna,312
"Rok 1984",George Orwell,Państwowy Instytut Wydawniczy,,8.5,,literatura piękna,220
"Żona podróżnika w czasie",Audrey Niffenegger,Świat Książki,,7.5,,literatura piękna,496
"Kwiat pustyni. Z namiotu nomadów do Nowego Jorku.",Waris Dirie | Cathleen Miller,Świat Książki,,7.4,,biografia | autobiografia | pamiętnik,254
"Dziecko Noego",Éric-Emmanuel Schmitt,Znak,,7.3,,literatura piękna,132
"Szczelina",Doris Lessing,Świat Książki,,5.4,,literatura obyczajowa | romans,272
"Cień wiatru",Carlos Ruiz Zafón,Muza,,8.1,,literatura piękna,516
"Biały oleander",Janet Fitch,Zysk i S-ka,,7.5,,literatura piękna,428
"Brick Lane",Monica Ali,Zysk i S-ka,,6.2,,literatura piękna,376
"Dziękuję za wspomnienia",Cecelia Ahern,Świat Książki,,6.6,,literatura obyczajowa | romans,384
"Tektonika uczuć",Éric-Emmanuel Schmitt,Znak,,7.0,,utwór dramatyczny (dramat | komedia | tragedia),100
"Kobieta zawiedziona",Simone de Beauvoir,Państwowy Instytut Wydawniczy,,7.3,,literatura piękna,168
"Historyk",Elizabeth Kostova,Świat Książki,,6.7,,kryminał | sensacja | thriller,632
"PL +50. Historie przyszłości",Stanisław Lem | Zygmunt Bauman,Wydawnictwo Literackie,,6.1,,fantasy | science fiction,558
"Ostatnie historie",Olga Tokarczuk,Wydawnictwo Literackie,,6.7,,literatura piękna,292
"Anna In w grobowcach świata",Olga Tokarczuk,Znak,,6.8,,literatura piękna,222
"Jesienne werble",Diana Gabaldon,Świat Książki,,7.7,,literatura piękna,100
"Ognisty krzyż  T.2",Diana Gabaldon,Świat Książki,,7.4,,literatura obyczajowa | romans,528
"Uwięziona w bursztynie",Diana Gabaldon,Świat Książki,,7.6,,literatura piękna,837
"Ognisty krzyż T.1",Diana Gabaldon,Świat Książki,,7.4,,literatura obyczajowa | romans,718
"Podróżniczka",Diana Gabaldon,Świat Książki,,7.8,,literatura obyczajowa | romans,951
"Szklany klosz",Sylvia Plath,Zysk i S-ka,,7.6,,literatura piękna,256
"Grona gniewu",John Steinbeck,Porozumienie Wydawców,,8.3,,klasyka,684
"Portret Doriana Graya",Oscar Wilde,Zielona Sowa,,7.8,,klasyka,178
"Portret artysty w wieku młodzieńczym",James Joyce,Znak,,6.9,,literatura piękna,263
"Perswazje",Jane Austen,Prószyński i S-ka,,7.3,,literatura obyczajowa | romans,200
"Mansfield Park",Jane Austen,Prószyński i S-ka,,6.9,,klasyka,392
"Duma i uprzedzenie",Jane Austen,Prószyński i S-ka,,8.0,,klasyka,304
"Wszystkie boże dzieci tańczą",Haruki Murakami,Muza,,6.6,5,literatura piękna,182
"Przygoda z owcą",Haruki Murakami,Muza,,7.0,9,literatura piękna,418
"Na południe od granicy, na zachód od słońca",Haruki Murakami,Muza,,7.0,5,literatura piękna,232
"Kafka nad morzem",Haruki Murakami,Muza,,7.5,7,literatura piękna,624
"Wpadka",Nick Hornby,Nowa Proza,,5.6,7,literatura dziecięca,279
"Ptaki ciernistych krzewów",Colleen McCullough,Świat Książki,,7.7,3,literatura piękna,608
"Umiłowana",Toni Morrison,Znak,,7.5,9,literatura piękna,368
"Rzęsy na opak",Dawid Kornaga,Świat Książki,,6.4,7,literatura piękna,176
"Znieczulenie miejscowe",Dawid Kornaga,Prószyński i S-ka,,4.2,,literatura piękna,263
"Zagadka wiecznego pióra",Carol Shields,Świat Książki,,5.7,7,kryminał | sensacja | thriller,318
"Alicja w Krainie Czarów. Po drugiej Stronie Lustra",Lewis Carroll,Vesper,,7.6,,literatura dziecięca,370
"Zamek w chmurach",Diana Wynne Jones,Amber,,6.8,7,literatura dziecięca,216
